,City,Country,Lat,Lng,Max Temp,Humidity,Cloudiness,Wind Speed,Current Description
0,Berbera,SO,10.4396,45.0143,85.42,70,79,4.85,light rain
1,El Alto,PE,-4.2714,-81.2147,70.27,73,91,12.71,overcast clouds
2,Ushuaia,AR,-54.8,-68.3,44.6,70,0,5.75,clear sky
3,Hasaki,JP,35.7333,140.8333,72.0,46,75,11.5,broken clouds
4,Pauini,BR,-7.7136,-66.9764,74.71,92,97,1.86,overcast clouds
5,Morant Bay,JM,17.8815,-76.4093,78.8,69,20,5.75,few clouds
6,Lewistown,US,40.5992,-77.5714,46.99,95,100,2.24,moderate rain
7,Bluff,NZ,-46.6,168.3333,44.01,80,87,4.0,light rain
8,Hobart,AU,-42.8794,147.3294,63.0,44,75,20.71,moderate rain
9,College,US,64.8569,-147.8028,57.2,37,1,3.44,clear sky
10,Beni Mazar,EG,28.4962,30.8029,76.33,19,0,0.85,clear sky
11,Butaritari,KI,3.0707,172.7902,83.34,73,79,8.81,broken clouds
12,Hazorasp,UZ,41.3194,61.0742,68.0,28,0,18.41,clear sky
13,Qaanaaq,GL,77.484,-69.3632,21.52,69,56,8.19,broken clouds
14,Port Elizabeth,ZA,-33.918,25.5701,55.4,100,90,9.22,fog
15,Svarstad,NO,59.399,9.9698,33.01,55,1,9.22,clear sky
16,Atuona,PF,-9.8,-139.0333,80.31,77,39,13.98,scattered clouds
17,Havre-Saint-Pierre,CA,50.2334,-63.5986,33.8,86,1,9.22,clear sky
18,Auki,SB,-8.7676,160.7034,82.67,79,64,4.27,broken clouds
19,Busselton,AU,-33.65,115.3333,75.99,58,1,3.0,clear sky
20,Moerai,PF,-22.4333,-151.3333,75.92,69,47,11.43,scattered clouds
21,Nioro,GM,13.35,-15.75,72.28,44,9,7.76,clear sky
22,Saskylakh,RU,71.9167,114.0833,33.69,94,97,11.72,overcast clouds
23,Kodiak,US,57.79,-152.4072,39.2,87,90,10.36,overcast clouds
24,Garissa,KE,-0.4536,39.6401,80.11,74,92,8.52,overcast clouds
25,Hamilton,US,39.1834,-84.5333,50.0,100,90,3.74,mist
26,Puerto Ayora,EC,-0.7393,-90.3518,75.16,89,92,6.53,overcast clouds
27,Gudur,IN,14.1333,79.85,91.4,58,40,4.61,haze
28,Coihaique,CL,-45.5752,-72.0662,45.88,95,100,5.73,overcast clouds
29,Port Blair,IN,11.6667,92.75,87.66,59,41,1.45,scattered clouds
30,Yulara,AU,-25.2406,130.9889,77.0,20,0,12.66,clear sky
31,Waingapu,ID,-9.6567,120.2641,85.44,64,20,12.64,few clouds
32,Avera,US,33.194,-82.5271,62.6,98,90,5.75,overcast clouds
33,Cherskiy,RU,68.75,161.3,22.1,81,100,12.41,overcast clouds
34,Punta Arenas,CL,-53.15,-70.9167,39.2,81,0,5.75,clear sky
35,Cortez,US,37.3489,-108.5859,54.0,31,1,5.75,clear sky
36,Dutlwe,BW,-23.9833,23.9,60.73,32,0,4.68,clear sky
37,Ojuelos De Jalisco,MX,21.8667,-101.5833,59.67,57,100,13.06,overcast clouds
38,Yellowknife,CA,62.456,-114.3525,6.8,56,20,6.91,few clouds
39,Lompoc,US,34.6391,-120.4579,48.2,93,100,4.79,overcast clouds
40,Floro,NO,61.5996,5.0328,39.2,56,90,5.75,overcast clouds
41,Alibag,IN,18.6411,72.8792,91.4,55,20,8.05,smoke
42,Hermanus,ZA,-34.4187,19.2345,61.0,83,100,1.99,overcast clouds
43,Biak,ID,-0.9131,122.8766,83.79,65,69,5.73,broken clouds
44,Samarai,PG,-10.6167,150.6667,84.34,73,40,16.4,scattered clouds
45,Faanui,PF,-16.4833,-151.75,80.24,68,100,5.28,overcast clouds
46,Mataura,NZ,-46.1927,168.8643,44.01,80,38,4.0,scattered clouds
47,Ponta Do Sol,PT,32.6667,-17.1,59.0,88,93,7.0,overcast clouds
48,Ancud,CL,-41.8697,-73.8203,54.0,100,90,2.3,fog
49,Ayagoz,KZ,47.9714,80.4392,46.31,25,100,11.14,overcast clouds
50,Kavieng,PG,-2.5744,150.7967,85.15,69,21,10.56,few clouds
51,Sur,OM,22.5667,59.5289,90.95,33,0,2.95,clear sky
52,Coquimbo,CL,-29.9533,-71.3436,53.6,82,0,8.05,clear sky
53,Albany,US,42.6001,-73.9662,53.01,49,100,2.17,overcast clouds
54,Dikson,RU,73.5069,80.5464,13.98,88,45,10.29,scattered clouds
55,Chuy,UY,-33.6971,-53.4616,63.52,85,96,12.44,overcast clouds
56,Bredasdorp,ZA,-34.5322,20.0403,50.0,93,100,3.44,overcast clouds
57,Cape Town,ZA,-33.9258,18.4232,63.0,88,0,6.91,clear sky
58,Chokurdakh,RU,70.6333,147.9167,15.73,84,6,9.22,clear sky
59,Upernavik,GL,72.7868,-56.1549,22.59,78,9,7.99,clear sky
60,Carnarvon,AU,-24.8667,113.6333,84.2,45,2,9.22,clear sky
61,Derzhavinsk,KZ,51.1,66.3167,47.66,84,94,14.45,overcast clouds
62,Mbanza-Ngungu,CD,-5.25,14.8667,66.43,96,98,1.03,overcast clouds
63,Hilo,US,19.7297,-155.09,73.4,78,90,8.05,moderate rain
64,Holly Hill,US,29.2436,-81.0376,75.99,73,40,5.75,scattered clouds
65,Torbay,CA,47.6666,-52.7314,37.0,87,1,16.11,clear sky
66,Tilichiki,RU,60.4667,166.1,29.95,97,100,7.81,snow
67,Otane,NZ,-39.8833,176.6333,64.99,42,3,3.0,clear sky
68,Karpogory,RU,64.0019,44.4451,47.97,67,12,9.15,few clouds
69,Valparaiso,CL,-33.0393,-71.6273,55.99,76,0,6.96,clear sky
70,Aleksandrovsk-Sakhalinskiy,RU,50.8975,142.1561,35.4,63,22,7.54,few clouds
71,Talcahuano,CL,-36.7167,-73.1167,50.0,93,0,2.3,mist
72,Half Moon Bay,US,37.4636,-122.4286,55.4,93,90,5.75,mist
73,Jamestown,US,42.097,-79.2353,50.0,57,90,4.61,overcast clouds
74,Namatanai,PG,-3.6667,152.4333,83.77,71,64,8.57,broken clouds
75,Kharp,RU,66.8014,65.8081,30.79,94,100,5.44,overcast clouds
76,Conceicao Do Araguaia,BR,-8.2578,-49.2647,77.0,94,20,4.61,light rain
77,Saldanha,ZA,-33.0117,17.9442,59.0,88,100,3.44,overcast clouds
78,San Cristobal,VE,7.7669,-72.225,77.0,94,40,2.3,fog
79,Deputatskiy,RU,69.3,139.9,22.75,82,100,13.27,overcast clouds
80,Benghazi,LY,32.1167,20.0667,63.16,87,99,16.98,overcast clouds
81,Saint-Augustin,CA,51.226,-58.6502,34.0,79,33,8.66,scattered clouds
82,Thompson,CA,55.7435,-97.8558,23.0,68,75,2.3,broken clouds
83,Talnakh,RU,69.4865,88.3972,15.35,83,99,13.02,overcast clouds
84,Avarua,CK,-21.2078,-159.775,80.6,78,75,13.8,light rain
85,Port Alfred,ZA,-33.5906,26.891,63.82,68,49,9.31,scattered clouds
86,Ambilobe,MG,-13.2,49.05,78.12,78,82,3.22,broken clouds
87,Esperance,AU,-33.8667,121.9,82.4,26,29,8.05,scattered clouds
88,Mar Del Plata,AR,-38.0023,-57.5575,61.0,94,20,4.61,few clouds
89,Mahebourg,MU,-20.4081,57.7,78.8,78,75,17.27,light rain
90,Pevek,RU,69.7008,170.3133,27.45,93,100,4.72,light snow
91,Khatanga,RU,71.9667,102.5,20.7,91,100,18.79,light snow
92,Bengkulu,ID,-3.8004,102.2655,84.47,66,57,6.96,broken clouds
93,Srednekolymsk,RU,67.45,153.6833,21.24,79,100,7.96,overcast clouds
94,New Norfolk,AU,-42.7826,147.0587,63.0,76,98,5.01,light rain
95,East London,ZA,-33.0153,27.9116,59.0,67,0,9.22,clear sky
96,Remedios,CU,22.4947,-79.5458,71.6,53,20,4.61,few clouds
97,Bitung,ID,1.4451,125.1824,91.4,58,40,10.36,scattered clouds
98,Mount Isa,AU,-20.7333,139.5,89.6,29,40,12.66,scattered clouds
99,Mackenzie,CA,55.2999,-123.1698,35.6,41,1,4.61,clear sky
100,Harper,LR,4.375,-7.7169,79.34,86,100,6.71,moderate rain
101,Mehamn,NO,71.0357,27.8492,32.16,72,100,13.42,overcast clouds
102,Romny,UA,50.751,33.4747,38.77,65,2,11.72,clear sky
103,Lebu,CL,-37.6167,-73.65,53.02,86,3,13.47,clear sky
104,Belmonte,BR,-15.8631,-38.8828,73.4,88,0,4.61,clear sky
105,Kapaa,US,22.0752,-159.319,75.2,73,40,16.11,light rain
106,Pisco,PE,-13.7,-76.2167,64.99,88,0,5.75,smoke
107,Tarata,BO,-17.6167,-66.0167,55.0,93,75,3.44,broken clouds
108,Wanning,CN,18.8003,110.3967,86.92,66,39,11.65,scattered clouds
109,Nisia Floresta,BR,-6.0911,-35.2086,75.2,94,40,27.63,scattered clouds
110,Inongo,CD,-1.95,18.2667,70.39,93,81,1.79,broken clouds
111,Arraial Do Cabo,BR,-22.9661,-42.0278,71.89,84,8,8.43,clear sky
112,Saint-Joseph,RE,-21.3667,55.6167,81.0,69,0,28.77,light rain
113,Hofn,IS,64.2539,-15.2082,44.92,86,100,3.85,light rain
114,Rikitea,PF,-23.1203,-134.9692,78.66,76,100,12.82,light rain
115,Georgetown,MY,5.4112,100.3354,89.01,70,40,6.91,scattered clouds
116,Vanimo,PG,-2.6741,141.3028,77.76,90,100,3.87,overcast clouds
117,Acari,PE,-15.4311,-74.6158,68.74,83,6,2.46,clear sky
118,Nikolskoye,RU,59.7035,30.7861,37.0,93,90,11.18,overcast clouds
119,Vandra,EE,58.6481,25.0361,34.0,100,100,3.0,overcast clouds
120,Naze,JP,28.3667,129.4833,77.0,57,20,17.27,few clouds
121,Flin Flon,CA,54.7682,-101.865,21.34,66,32,4.79,scattered clouds
122,Mozarlandia,BR,-14.7447,-50.5706,71.71,64,5,3.65,clear sky
123,Hovd,MN,48.0056,91.6419,34.65,20,94,1.43,overcast clouds
124,Chumikan,RU,54.7183,135.315,38.25,49,99,9.73,overcast clouds
125,Mount Gambier,AU,-37.8333,140.7667,60.8,72,75,13.8,broken clouds
126,Tabou,CI,4.423,-7.3528,78.58,87,100,5.84,moderate rain
127,Lata,PT,40.1629,-8.3327,60.01,94,86,3.6,light rain
128,Tuktoyaktuk,CA,69.4541,-133.0374,17.6,93,20,10.36,few clouds
129,Madang,PG,-5.2246,145.7966,85.28,63,73,5.48,broken clouds
130,Cam Ranh,VN,11.9214,109.1591,91.4,58,20,8.05,few clouds
131,Natal,BR,-5.795,-35.2094,75.2,94,40,27.63,scattered clouds
132,Kudahuvadhoo,MV,2.6708,72.8944,83.44,67,13,7.72,few clouds
133,Mahajanga,MG,-15.7167,46.3167,80.6,69,20,5.75,few clouds
134,Katsuura,JP,35.1333,140.3,72.0,53,75,14.97,broken clouds
135,Ambatondrazaka,MG,-17.8333,48.4167,68.74,83,99,8.12,overcast clouds
136,Tura,IN,25.5198,90.2201,96.24,17,1,6.44,clear sky
137,Touros,BR,-5.1989,-35.4608,73.4,100,40,4.61,scattered clouds
138,Setermoen,NO,68.861,18.3486,28.4,69,90,2.3,overcast clouds
139,Khani,GE,41.9563,42.9566,51.8,93,20,2.3,few clouds
140,Wolgast,DE,54.05,13.7667,41.0,73,2,1.99,clear sky
141,Castro,BR,-24.7911,-50.0119,57.6,84,90,2.46,overcast clouds
142,Salalah,OM,17.0151,54.0924,86.0,70,75,5.75,broken clouds
143,Vaini,TO,-21.2,-175.2,80.6,83,20,3.44,few clouds
144,La Asuncion,VE,11.0333,-63.8628,77.0,88,37,17.27,scattered clouds
145,Shelburne,CA,44.0787,-80.2041,53.6,61,90,2.3,overcast clouds
146,Dingle,PH,10.9995,122.6711,89.42,54,75,6.98,light rain
147,Fare,PF,-16.7,-151.0167,79.34,64,96,2.28,overcast clouds
148,Vardo,NO,70.3705,31.1107,35.19,72,100,22.66,overcast clouds
149,Aklavik,CA,68.2191,-135.0107,30.2,80,33,8.05,scattered clouds
150,Waipawa,NZ,-41.4122,175.5153,60.8,55,38,13.8,scattered clouds
151,Muros,ES,42.7762,-9.0603,55.0,95,98,1.99,light rain
152,Buala,SB,-8.145,159.5921,83.98,73,55,1.83,light rain
153,Nyurba,RU,63.2842,118.3319,40.33,75,100,7.85,overcast clouds
154,Havelock,US,34.8791,-76.9013,66.99,87,100,1.01,overcast clouds
155,Yemanzhelinsk,RU,54.7547,61.3208,50.0,46,20,6.71,few clouds
156,Fairbanks,US,64.8378,-147.7164,57.2,30,1,4.61,clear sky
157,Baruun-Urt,MN,46.6806,113.2792,65.98,28,100,16.31,overcast clouds
158,Lazaro Cardenas,MX,17.9583,-102.2,76.01,79,93,2.13,overcast clouds
159,Kamenka,RU,51.3223,42.7678,41.0,73,7,3.0,clear sky
160,Tahta,EG,26.7693,31.5021,66.2,32,0,6.91,clear sky
161,Bensonville,LR,6.4461,-10.6125,74.1,92,100,3.98,overcast clouds
162,Saint-Pierre,RE,-21.3393,55.4781,81.0,69,0,28.77,clear sky
163,Santa Marta,CO,11.2408,-74.199,82.0,76,12,5.99,few clouds
164,Atherton,GB,53.5237,-2.4935,41.0,71,7,4.21,clear sky
165,Sao Filipe,CV,14.8961,-24.4956,71.28,72,17,6.49,few clouds
166,Dhidhdhoo,MV,6.8833,73.1,84.33,68,62,4.07,broken clouds
167,Haines Junction,CA,60.7522,-137.5108,39.2,52,45,3.15,scattered clouds
168,Solano,US,38.2333,-121.9511,55.4,71,40,14.97,scattered clouds
169,Kloulklubed,PW,7.0419,134.2556,87.8,70,75,17.27,broken clouds
170,Khandyga,RU,62.6667,135.6,28.83,79,100,1.01,overcast clouds
171,Solnechnyy,RU,50.7214,136.6319,37.15,34,98,9.44,overcast clouds
172,Santa Rosa,PH,14.3122,121.1114,91.0,36,34,4.0,scattered clouds
173,Cabog,PH,15.3153,121.3703,90.18,49,15,3.67,few clouds
174,Leningradskiy,RU,69.3833,178.4167,31.37,85,98,1.01,overcast clouds
175,Bubaque,GW,11.2833,-15.8333,78.06,59,4,15.12,clear sky
176,Vestmanna,FO,62.1564,-7.1664,41.0,87,98,1.14,overcast clouds
177,Maldonado,UY,-34.6667,-54.9167,64.99,59,20,17.27,few clouds
178,Padang,ID,-0.9492,100.3543,87.8,66,20,6.91,few clouds
179,Ilulissat,GL,69.2167,-51.1,44.6,45,0,21.85,clear sky
180,Hithadhoo,MV,-0.6,73.0833,83.46,67,18,5.39,few clouds
181,Ribeira Grande,PT,38.5167,-28.7,58.86,77,51,16.22,broken clouds
182,Sambhar,IN,26.9167,75.2,87.8,15,0,5.75,haze
183,Troitsko-Pechorsk,RU,62.7084,56.1964,44.08,76,100,11.07,overcast clouds
184,Severo-Kurilsk,RU,50.6789,156.125,33.98,94,100,9.31,overcast clouds
185,Fort Nelson,CA,58.8053,-122.7002,33.8,51,40,2.06,scattered clouds
186,Mandera,KE,3.9366,41.867,80.15,65,84,8.97,light rain
187,Port Hedland,AU,-20.3167,118.5667,89.6,33,0,18.41,clear sky
188,Xam Nua,LA,20.4197,104.0439,85.08,53,65,3.29,broken clouds
189,Ahero,KE,-0.1746,34.9163,69.8,88,75,3.44,broken clouds
190,Cabo San Lucas,MX,22.8909,-109.9124,69.8,26,1,10.16,clear sky
191,Pontian Kecil,MY,1.4801,103.3899,93.0,58,40,3.44,scattered clouds
192,Te Anau,NZ,-45.4167,167.7167,44.15,72,18,5.88,few clouds
193,Russell,US,32.3502,-85.1999,64.4,88,1,5.75,clear sky
194,Beringovskiy,RU,63.05,179.3167,33.15,91,100,2.13,overcast clouds
195,Kaitangata,NZ,-46.2817,169.8464,44.01,70,28,1.01,scattered clouds
196,Nizwa,OM,22.9333,57.5333,88.52,18,0,5.41,clear sky
197,Mackay,AU,-21.15,149.2,73.99,88,90,10.36,overcast clouds
198,Parana,AR,-31.732,-60.5238,60.01,81,1,7.9,clear sky
199,Barrow,US,71.2906,-156.7887,24.8,80,1,9.22,clear sky
200,Ostrovnoy,RU,68.0531,39.5131,34.95,99,100,7.0,overcast clouds
201,Saint George,US,37.1041,-113.5841,71.6,16,1,16.11,clear sky
202,Iquique,CL,-20.2208,-70.1431,62.6,63,0,2.3,clear sky
203,San Quintin,MX,30.4833,-115.95,57.47,88,4,12.39,clear sky
204,Baisha,CN,26.5222,110.9311,58.82,93,100,3.56,overcast clouds
205,Ouesso,CG,1.6136,16.0517,68.22,92,40,1.25,scattered clouds
206,Cayenne,GF,4.9333,-52.3333,79.0,100,20,10.2,few clouds
207,Bambous Virieux,MU,-20.3428,57.7575,80.01,78,75,17.27,light rain
208,Ajdabiya,LY,30.7554,20.2263,62.73,73,100,18.86,overcast clouds
209,Ballina,AU,-28.8667,153.5667,75.2,60,4,8.05,clear sky
210,Upington,ZA,-28.4478,21.2561,55.4,41,0,1.14,clear sky
211,Brae,GB,60.3964,-1.353,41.0,75,0,2.3,clear sky
212,Iqaluit,CA,63.7506,-68.5145,32.0,93,90,2.3,light snow
213,Bethel,US,41.3712,-73.414,55.4,50,90,2.89,overcast clouds
214,Verkhnyaya Inta,RU,65.9811,60.3094,45.81,65,100,17.67,overcast clouds
215,Constitucion,CL,-35.3333,-72.4167,56.34,60,0,7.43,clear sky
216,Gasa,PS,31.5,34.4667,70.0,100,2,6.11,clear sky
217,Guasdualito,VE,7.2424,-70.7324,77.0,83,94,2.3,overcast clouds
218,Hay River,CA,60.8156,-115.7999,21.2,73,100,2.3,overcast clouds
219,San Carlos De Bariloche,AR,-41.1456,-71.3082,45.0,81,0,3.44,clear sky
220,Aykhal,RU,66.0,111.5,32.23,94,100,12.5,overcast clouds
221,Sitka,US,57.0531,-135.33,51.8,37,20,5.75,few clouds
222,Mayna,RU,54.1135,47.6231,37.24,69,48,20.71,scattered clouds
223,Zhigansk,RU,66.7697,123.3711,33.69,99,100,7.63,light snow
224,Norman Wells,CA,65.282,-126.8329,37.4,41,40,3.44,scattered clouds
225,Asosa,ET,10.0667,34.5333,70.84,60,100,2.08,overcast clouds
226,Puri,IN,19.8,85.85,96.8,36,20,1.14,few clouds
227,Shimoda,JP,34.6667,138.95,68.0,64,75,17.27,broken clouds
228,Luwuk,ID,-0.9516,122.7875,85.84,65,77,5.46,broken clouds
229,Jumla,NP,29.2747,82.1838,65.95,13,0,4.38,clear sky
230,Sidney,AU,-33.8679,151.2073,69.01,64,75,11.5,broken clouds
231,Kurmanayevka,RU,52.5093,52.0675,47.34,58,23,19.93,few clouds
232,Les Cayes,HT,18.2,-73.75,74.57,81,3,3.71,clear sky
233,Souillac,MU,-20.5167,57.5167,78.8,78,75,17.27,broken clouds
234,Mareeba,AU,-17.0,145.4333,79.0,94,90,9.22,overcast clouds
235,Gat,IL,31.61,34.7642,68.0,100,4,4.68,clear sky
236,Tosya,TR,41.0155,34.0401,48.27,79,100,5.44,overcast clouds
237,Lavrentiya,RU,65.5833,-171.0,32.04,88,80,2.35,broken clouds
238,Knysna,ZA,-34.0363,23.0471,55.4,100,90,3.44,fog
239,Boende,CD,-0.2167,20.8667,70.84,92,100,2.21,overcast clouds
240,Oga,IT,46.4631,10.347,51.01,80,40,2.3,scattered clouds
241,Meulaboh,ID,4.1363,96.1285,85.24,61,76,3.51,broken clouds
242,Poum,NC,-20.2333,164.0167,77.92,78,98,7.54,overcast clouds
243,Walvis Bay,NA,-22.9575,14.5053,60.01,100,90,9.22,overcast clouds
244,Tasiilaq,GL,65.6145,-37.6368,42.8,56,20,12.66,few clouds
245,Broome,US,42.2506,-75.833,51.8,46,90,6.91,overcast clouds
246,Palanga,LT,55.9175,21.0686,32.0,93,75,12.66,broken clouds
247,Laguna,US,38.421,-121.4238,55.99,71,75,9.22,broken clouds
248,Kedrovyy,RU,56.1667,91.8167,37.4,81,75,13.42,light rain and snow
249,Kayerkan,RU,69.3497,87.7602,14.38,85,94,11.45,overcast clouds
250,Taoudenni,ML,22.6783,-3.9836,82.22,11,0,7.74,clear sky
251,Najran,SA,17.4924,44.1277,82.4,21,0,6.91,clear sky
252,Garowe,SO,8.4054,48.4845,80.19,66,40,9.04,scattered clouds
253,Male,MV,4.1748,73.5089,87.8,74,20,9.22,few clouds
254,Poronaysk,RU,49.2167,143.1167,37.26,60,100,11.16,overcast clouds
255,Catuday,PH,16.2923,119.8062,81.3,64,28,12.95,scattered clouds
256,Bandarbeyla,SO,9.4942,50.8122,84.36,68,43,7.7,scattered clouds
257,Asau,RO,46.4333,26.4,46.0,51,100,3.06,overcast clouds
258,Port Hardy,CA,50.6996,-127.4199,48.2,93,90,4.61,overcast clouds
259,Dongsheng,CN,39.8161,109.9776,47.66,72,100,20.47,overcast clouds
260,Oranjestad,AW,12.524,-70.027,79.0,83,20,17.27,few clouds
261,Houma,US,29.5958,-90.7195,68.0,77,1,6.91,clear sky
262,Provideniya,RU,64.3833,-173.3,38.41,78,100,3.0,overcast clouds
263,Port Hawkesbury,CA,45.6169,-61.3485,36.0,75,1,6.33,clear sky
264,Elizabeth City,US,36.2946,-76.2511,64.99,88,90,9.22,overcast clouds
265,Piuma,BR,-20.8378,-40.7219,68.67,89,1,3.51,clear sky
266,High Level,CA,58.5169,-117.136,30.2,69,1,6.91,clear sky
267,Siguiri,GN,11.6667,-9.5,82.15,55,89,6.15,overcast clouds
268,Vila Velha,BR,-20.3297,-40.2925,73.4,88,75,2.3,broken clouds
269,Coahuayana,MX,18.7333,-103.6833,71.42,89,87,3.04,overcast clouds
270,Borogontsy,RU,62.6683,131.1683,32.0,93,95,2.55,light snow
271,Zurrieq,MT,35.8311,14.4742,55.99,94,0,2.3,clear sky
272,Isla Mujeres,MX,21.2311,-86.731,80.01,83,40,6.91,scattered clouds
273,Raga,SS,8.4596,25.678,74.08,74,98,7.94,overcast clouds
274,Dunmore Town,BS,25.5,-76.65,77.32,81,15,12.44,few clouds
275,Tabriz,IR,38.08,46.2919,64.4,36,20,2.3,few clouds
276,Labuhan,ID,-6.8844,112.2051,86.32,64,35,6.85,scattered clouds
277,Sainte-Rose,GP,16.3324,-61.6979,75.2,78,51,4.61,broken clouds
278,Ariquemes,BR,-9.9133,-63.0408,72.1,98,78,1.1,broken clouds
279,Beloha,MG,-25.1667,45.05,74.73,61,1,9.22,clear sky
280,Gushikawa,JP,26.3544,127.8686,77.0,60,90,13.8,overcast clouds
281,Sulangan,PH,11.1373,123.7228,83.48,69,63,5.5,broken clouds
282,Bilma,NE,18.6853,12.9164,82.27,14,1,6.69,clear sky
283,Rudbar,AF,30.15,62.6,80.64,14,22,8.75,few clouds
284,Concepcion,CL,-36.827,-73.0498,50.0,93,0,2.3,mist
285,Anadyr,RU,64.75,177.4833,33.8,86,20,6.71,fog
286,Aksarka,RU,66.5606,67.7975,33.64,90,100,7.52,overcast clouds
287,Emerald,AU,-23.5333,148.1667,84.2,23,2,11.5,clear sky
288,Kavaratti,IN,10.5669,72.642,84.79,66,26,4.43,scattered clouds
289,Gresham,US,45.4982,-122.4315,50.0,84,100,10.0,overcast clouds
290,Pangnirtung,CA,66.1451,-65.7125,31.5,74,89,5.82,overcast clouds
291,Hun,LY,29.1268,15.9477,56.17,90,8,7.45,clear sky
292,Kuji,JP,40.1878,141.7689,54.54,46,84,13.44,broken clouds
293,Saint-Philippe,RE,-21.3585,55.7679,81.0,69,0,28.77,light rain
294,Shenjiamen,CN,29.9576,122.298,64.08,78,92,8.59,overcast clouds
295,Vanavara,RU,60.34,102.2797,36.46,99,100,2.93,overcast clouds
296,Marquette,US,46.5333,-87.6335,30.99,84,98,5.99,overcast clouds
297,Suamico,US,44.6319,-88.0393,37.4,65,90,9.22,overcast clouds
298,Airai,TL,-8.9266,125.4092,71.83,54,50,3.6,scattered clouds
299,Henties Bay,NA,-22.116,14.2845,60.01,95,1,7.0,clear sky
300,Lorengau,PG,-2.0226,147.2712,82.72,75,34,3.51,scattered clouds
301,Erbaa,TR,40.6689,36.5675,53.6,82,75,5.75,broken clouds
302,Vila Franca Do Campo,PT,37.7167,-25.4333,59.0,72,40,17.27,scattered clouds
303,Phan Thiet,VN,10.9333,108.1,91.76,55,30,12.37,scattered clouds
304,Scarborough,GB,54.2797,-0.4044,36.0,89,31,4.25,scattered clouds
305,Ventanas,EC,-1.45,-79.4667,74.5,97,100,0.92,moderate rain
306,Xiaoweizhai,CN,26.1903,107.5125,57.09,93,100,5.66,overcast clouds
307,Bereda,ES,43.2686,-7.5406,51.01,100,100,1.99,overcast clouds
308,Lovozero,RU,68.005,35.0117,32.94,99,100,6.96,light snow
309,Lagoa,PT,39.05,-27.9833,59.36,71,76,21.72,broken clouds
310,Narsaq,GL,60.9167,-46.05,51.8,30,90,36.82,overcast clouds
311,Onguday,RU,50.75,86.15,38.98,44,77,3.15,broken clouds
312,Juneau,US,58.3019,-134.4197,46.4,49,20,3.44,few clouds
313,Paciran,ID,-6.8767,112.3761,86.31,64,28,7.05,scattered clouds
314,Puerto Montt,CL,-41.4698,-72.9447,41.0,100,0,0.92,clear sky
315,Maridi,SS,4.9158,29.4742,68.29,95,92,5.66,overcast clouds
316,Geraldton,AU,-28.7667,114.6,86.0,37,91,13.8,overcast clouds
317,Chenzhou,CN,25.8,113.0333,59.5,94,100,5.88,overcast clouds
318,Rawson,AR,-43.3002,-65.1023,54.88,64,0,10.98,clear sky
319,Ulaangom,MN,49.9811,92.0667,41.63,21,63,22.01,broken clouds
320,Sistranda,NO,63.7256,8.834,35.6,80,40,13.8,scattered clouds
321,Longos,PH,16.1066,120.3954,88.5,45,18,13.42,few clouds
322,Nantucket,US,41.2835,-70.0995,48.0,87,1,6.91,clear sky
323,Ahipara,NZ,-35.1667,173.1667,61.88,65,76,7.92,broken clouds
324,Puerto Del Rosario,ES,28.5004,-13.8627,64.4,72,20,5.75,few clouds
325,Inhambane,MZ,-23.865,35.3833,66.2,88,20,9.26,few clouds
326,Poso,ID,-1.3959,120.7524,86.43,65,45,4.54,scattered clouds
327,Kalmar,SE,56.6616,16.3616,35.01,74,75,8.05,broken clouds
328,Longyearbyen,SJ,78.2186,15.6401,23.0,80,75,2.3,broken clouds
329,Caravelas,BR,-17.7125,-39.2481,73.0,90,0,4.76,clear sky
330,Alofi,NU,-19.0595,-169.9187,80.6,83,66,2.3,broken clouds
331,Senno,RU,59.5336,33.9167,35.01,92,100,1.01,snow
332,Porto Novo,BJ,6.4965,2.6036,78.8,89,40,4.61,scattered clouds
333,Fort Dodge,US,42.4975,-94.168,39.2,45,1,6.04,clear sky
334,Iquitos,PE,-3.7481,-73.2472,77.0,94,20,1.5,few clouds
335,Qui Nhon,VN,13.7667,109.2333,87.48,62,46,11.68,scattered clouds
336,Saurimo,AO,-9.6608,20.3916,63.45,92,82,3.65,broken clouds
337,Lukiv,UA,51.0521,25.4006,39.99,78,87,3.0,overcast clouds
338,San Andres,CO,12.5847,-81.7006,80.6,78,20,9.22,few clouds
339,Honningsvag,NO,70.9821,25.9704,32.27,57,100,12.37,overcast clouds
340,Qasigiannguit,GL,68.8193,-51.1922,44.6,45,0,21.85,clear sky
341,Nome,US,64.5011,-165.4064,44.6,61,1,5.17,clear sky
342,Kataysk,RU,56.289,62.5841,50.81,44,96,10.56,overcast clouds
343,Praia Da Vitoria,PT,38.7333,-27.0667,59.0,82,75,23.44,broken clouds
344,Tuatapere,NZ,-46.1333,167.6833,44.01,80,44,4.0,scattered clouds
345,Puchezh,RU,56.9788,43.1676,34.5,92,100,17.11,snow
346,Choix,MX,26.7092,-108.3219,70.39,27,1,3.06,clear sky
347,Gizo,SB,-8.103,156.8419,85.17,67,34,4.88,scattered clouds
348,Sokode,TG,8.9833,1.1333,72.79,73,100,2.17,overcast clouds
349,Jaumave,MX,23.4167,-99.3833,70.0,58,100,3.0,overcast clouds
350,Cartagena,CO,10.3997,-75.5144,80.6,89,40,6.91,scattered clouds
351,Taksimo,RU,56.3444,114.8794,38.8,71,100,3.06,overcast clouds
352,Gainesville,US,29.6516,-82.3248,75.99,87,34,1.99,scattered clouds
353,Luau,AO,-10.7073,22.2247,61.63,96,36,2.8,scattered clouds
354,Seymchan,RU,62.8833,152.4333,22.51,63,100,9.1,overcast clouds
355,Saint Anthony,US,45.0205,-93.218,39.2,55,1,3.44,clear sky
356,Turukhansk,RU,65.8167,87.9833,32.74,98,98,11.16,overcast clouds
357,Bejar,ES,40.3864,-5.7634,53.01,80,66,3.0,broken clouds
358,Comodoro Rivadavia,AR,-45.8667,-67.5,51.8,71,0,6.91,clear sky
359,Cochrane,CA,51.1834,-114.4687,32.0,74,90,3.4,overcast clouds
360,Jiaonan,CN,35.8786,119.9753,69.8,60,40,8.95,scattered clouds
361,Zhezkazgan,KZ,47.8043,67.7144,52.0,30,62,4.45,broken clouds
362,Eregli,TR,37.5133,34.0467,64.87,33,100,0.16,overcast clouds
363,Faya,SA,18.3851,42.4509,69.8,45,40,3.53,scattered clouds
364,Bozoum,CF,6.3193,16.3799,68.86,93,100,2.95,overcast clouds
365,Upata,VE,8.0086,-62.3989,75.99,92,48,1.01,scattered clouds
366,Zavodouspenskoye,RU,56.8626,65.0155,51.8,25,0,13.42,clear sky
367,Neuquen,AR,-38.9516,-68.0591,46.4,100,0,5.32,clear sky
368,San Policarpo,PH,12.1791,125.5072,80.47,81,30,10.0,scattered clouds
369,Hobyo,SO,5.3505,48.5268,85.35,61,31,8.01,scattered clouds
370,Liti,GR,40.7453,22.9786,54.0,90,100,1.92,overcast clouds
371,Guerrero Negro,MX,27.9769,-114.0611,58.44,86,4,14.43,clear sky
372,Stephenville,US,32.2207,-98.2023,55.4,88,1,7.96,clear sky
373,Makubetsu,JP,45.3714,141.8211,35.6,93,75,18.41,mist
374,Sisimiut,GL,66.9395,-53.6735,37.54,68,4,9.57,clear sky
375,Tiksi,RU,71.6872,128.8694,32.88,91,99,10.31,overcast clouds
376,Karla,EE,59.3723,24.9275,37.0,93,90,9.22,light rain
377,Nanortalik,GL,60.1432,-45.2371,39.22,76,99,12.1,overcast clouds
378,Araouane,ML,18.9048,-3.5265,84.6,14,54,8.34,broken clouds
379,Sobolevo,RU,54.4299,31.8996,34.29,75,20,11.72,few clouds
380,Ginda,IN,30.6945,78.4932,73.08,15,0,7.07,clear sky
381,Guisa,CU,20.255,-76.5386,75.2,88,1,6.91,clear sky
382,Bam,IR,29.106,58.357,86.0,16,60,8.12,broken clouds
383,Cabedelo,BR,-6.9811,-34.8339,73.4,100,0,4.61,clear sky
384,Trabzon,TR,40.9167,39.8333,57.2,67,75,3.0,broken clouds
385,Visby,SE,57.6409,18.296,37.99,70,75,12.66,broken clouds
386,Westport,US,41.1415,-73.3579,53.01,71,90,4.61,overcast clouds
387,Dubbo,AU,-32.25,148.6167,69.8,30,1,9.22,clear sky
388,Clyde River,CA,70.4692,-68.5914,12.2,92,90,4.61,fog
389,Craig,US,40.5153,-107.5464,53.6,30,90,6.91,overcast clouds
390,Kearney,US,40.6995,-99.0815,48.2,61,20,12.66,few clouds
391,Oyek,RU,52.5861,104.4556,41.0,65,0,6.71,clear sky
392,Cherdyn,RU,60.403,56.4787,44.04,72,100,10.42,overcast clouds
393,Qaqortoq,GL,60.7167,-46.0333,51.8,30,90,36.82,overcast clouds
394,Gurlan,UZ,41.8447,60.3919,69.8,28,0,18.41,clear sky
395,Leh,IN,34.1667,77.5833,36.05,23,5,2.82,clear sky
396,Antofagasta,CL,-23.65,-70.4,57.2,77,0,2.3,clear sky
397,Coruripe,BR,-10.1256,-36.1756,76.26,85,27,5.84,scattered clouds
398,Salinopolis,BR,-0.6136,-47.3561,78.21,85,100,4.65,overcast clouds
399,Saquena,PE,-4.6667,-73.5167,73.72,93,83,0.51,broken clouds
400,Svetlogorsk,BY,52.6333,29.7333,34.92,67,35,10.31,scattered clouds
401,Laramie,US,41.3114,-105.5911,43.0,70,75,6.91,broken clouds
402,Bartica,GY,6.4,-58.6167,75.2,100,75,4.61,broken clouds
403,Graham,US,47.0529,-122.2943,48.2,100,90,2.35,light intensity drizzle
404,San Patricio,US,28.017,-97.5169,75.2,57,1,11.5,clear sky
405,Acapulco,MX,16.8634,-99.8901,78.62,69,26,3.53,scattered clouds
406,Taxisco,GT,14.0708,-90.4631,77.0,94,40,2.3,scattered clouds
407,Korla,CN,41.7597,86.1469,52.65,31,84,9.08,broken clouds
408,Bathsheba,BB,13.2167,-59.5167,78.8,61,20,18.41,few clouds
409,Sechura,PE,-5.5569,-80.8222,69.28,76,96,13.33,overcast clouds
410,Omsukchan,RU,62.5333,155.8,14.52,78,100,7.99,overcast clouds
411,Puerto Castilla,HN,16.0167,-85.9667,82.4,83,0,25.32,clear sky
412,Ales,FR,44.1333,4.0833,48.0,93,0,2.84,clear sky
413,Kruisfontein,ZA,-34.0033,24.7314,60.78,61,20,5.84,few clouds
414,Lakes Entrance,AU,-37.8811,147.981,64.0,59,51,3.0,broken clouds
415,New York,US,40.7143,-74.006,59.0,51,90,6.91,overcast clouds
416,Dawei,MM,14.0833,98.2,89.1,60,88,6.24,overcast clouds
417,Nabire,ID,-3.3667,135.4833,80.26,88,91,4.09,light rain
418,Tornio,FI,65.8481,24.1466,32.0,93,90,17.27,overcast clouds
419,Conde,BR,-7.2597,-34.9075,73.4,100,0,4.61,clear sky
420,Komsomolskiy,UZ,40.4272,71.7189,71.6,28,6,2.3,clear sky
421,Berlevag,NO,70.8578,29.0864,33.67,77,100,19.86,overcast clouds
422,Ivankiv,UA,50.9386,29.8943,41.0,60,10,11.18,clear sky
423,Port Lincoln,AU,-34.7333,135.8667,65.17,55,4,7.34,clear sky
424,Avesta,SE,60.1455,16.1679,33.01,62,49,7.0,scattered clouds
425,Fortuna,US,40.5982,-124.1573,52.0,71,90,6.91,overcast clouds
426,Neverkino,RU,52.7854,46.7417,37.18,73,33,20.74,scattered clouds
427,Dodoma,TZ,-6.1722,35.7395,68.0,83,40,13.8,scattered clouds
428,Klaksvik,FO,62.2266,-6.589,41.0,87,99,1.14,overcast clouds
429,Miragoane,HT,18.4423,-73.0876,76.96,78,21,3.71,few clouds
430,Broken Hill,AU,-31.95,141.4333,69.8,35,0,12.66,clear sky
431,Huarmey,PE,-10.0681,-78.1522,66.94,88,2,8.48,clear sky
432,Namibe,AO,-15.1961,12.1522,76.5,83,37,3.87,scattered clouds
433,Kalmunai,LK,7.4167,81.8167,86.58,56,18,4.65,few clouds
434,Sao Joao Da Barra,BR,-21.6403,-41.0511,69.35,90,11,4.43,few clouds
435,Pyay,MM,18.8167,95.2167,101.46,30,27,7.9,scattered clouds
436,Miles City,US,46.4083,-105.8406,46.4,49,90,13.8,overcast clouds
437,Hailar,CN,49.2,119.7,58.77,16,88,7.11,overcast clouds
438,Lasa,IT,46.6166,10.7002,45.0,81,0,3.44,clear sky
439,Itoman,JP,26.1247,127.6694,77.0,57,40,13.8,scattered clouds
440,Vao,NC,-22.6667,167.4833,73.83,72,100,9.17,overcast clouds
441,Koumac,NC,-20.5667,164.2833,77.97,80,97,8.63,overcast clouds
442,Itarana,BR,-19.8739,-40.8753,67.75,96,20,1.25,few clouds
443,Severnyy,RU,50.677,36.5532,39.2,60,0,11.18,clear sky
444,Hambantota,LK,6.1241,81.1185,87.8,79,40,2.3,scattered clouds
445,Portland,US,45.5234,-122.6762,50.0,82,99,5.01,overcast clouds
446,Luderitz,NA,-26.6481,15.1594,60.35,85,97,0.83,overcast clouds
447,Raahe,FI,64.6833,24.4833,35.6,69,75,13.8,broken clouds
448,Ormara,PK,25.2088,64.6357,81.95,67,0,3.02,clear sky
449,Uruzgan,AF,32.8333,66.0,74.44,7,1,1.97,clear sky
450,Monrovia,LR,6.3005,-10.7969,77.43,87,100,5.99,overcast clouds
451,Emirdag,TR,39.0197,31.15,52.07,83,100,4.29,overcast clouds
452,Lamar,US,33.6668,-95.5836,51.8,100,1,3.44,clear sky
453,Karratha,AU,-20.7377,116.8463,88.95,24,0,17.78,clear sky
454,Yakeshi,CN,49.2833,120.7333,56.57,22,74,2.35,broken clouds
455,Massaguet,TD,12.4755,15.4365,82.4,54,50,4.61,scattered clouds
456,Moberly,US,39.4184,-92.4382,48.2,66,1,3.44,clear sky
457,Ust-Tsilma,RU,65.441,52.1498,45.09,79,100,9.6,overcast clouds
458,Sioux Lookout,CA,50.1001,-91.917,23.0,68,1,4.32,clear sky
459,Fukue,JP,32.6881,128.8419,69.8,49,0,16.11,clear sky
460,Sambava,MG,-14.2667,50.1667,77.29,90,98,10.63,moderate rain
461,Teguldet,RU,57.3064,88.1667,43.36,68,100,8.39,overcast clouds
462,Bodden Town,KY,19.2833,-81.25,80.01,1,71,3.0,broken clouds
463,Kitimat,CA,54.0524,-128.6534,46.0,63,27,3.76,scattered clouds
464,Abay,KZ,49.6311,72.8539,53.6,14,0,26.84,clear sky
465,Kosh-Agach,RU,50.0,88.6667,26.82,37,97,8.57,overcast clouds
466,Isangel,VU,-19.55,169.2667,78.96,74,99,10.92,overcast clouds
467,Piacabucu,BR,-10.4056,-36.4344,76.19,86,37,4.12,scattered clouds
468,Tanete,ID,-3.9443,119.7848,94.08,43,8,5.32,clear sky
469,Aswan,EG,24.0934,32.907,81.95,13,0,8.66,clear sky
470,Niteroi,BR,-22.8833,-43.1036,71.6,88,90,5.75,overcast clouds
471,Smithers,CA,54.7804,-127.1743,42.8,42,40,2.3,scattered clouds
472,Surgut,RU,61.25,73.4167,50.0,57,0,8.95,clear sky
473,Thunder Bay,CA,48.4001,-89.3168,27.0,86,1,2.3,clear sky
474,Tiznit,MA,29.5833,-9.5,53.56,74,0,1.43,clear sky
475,Bull Savanna,JM,17.8868,-77.5902,72.68,85,35,7.49,scattered clouds
476,South Shields,GB,54.9986,-1.4323,37.0,100,54,1.14,broken clouds
477,Cidreira,BR,-30.1811,-50.2056,67.59,90,95,9.62,overcast clouds
478,Pringsewu,ID,-5.3582,104.9744,91.6,45,73,1.74,broken clouds
479,The Pas,CA,53.8251,-101.2541,23.0,63,75,3.44,broken clouds
480,Ketchikan,US,55.3422,-131.6461,47.03,59,10,5.21,clear sky
481,Lethem,GY,3.3803,-59.7968,74.28,92,100,10.02,light rain
482,Teguise,ES,29.0605,-13.564,60.8,82,20,4.61,few clouds
483,Grand Gaube,MU,-20.0064,57.6608,81.0,76,97,13.0,light rain
484,Kilosa,TZ,-6.8333,36.9833,72.27,94,100,3.71,light rain
485,Mangrol,IN,21.1167,70.1167,91.85,44,99,11.9,overcast clouds
486,Puerto Madero,MX,14.7208,-92.4215,83.14,63,98,0.47,overcast clouds
487,Changchun,CN,43.88,125.3228,62.6,15,0,6.71,clear sky
488,Alice Springs,AU,-23.7,133.8833,75.2,22,6,12.66,clear sky
489,Alakurtti,RU,66.9672,30.3491,34.0,79,100,8.99,snow
490,Singaraja,ID,-8.112,115.0882,83.37,73,13,3.49,few clouds
491,Ulaanbaatar,MN,47.9077,106.8832,35.6,87,75,2.24,sleet
492,Calderitas,MX,18.55,-88.25,81.0,78,40,11.5,scattered clouds
493,Knyaginino,RU,55.8228,45.0349,36.14,95,99,15.66,light rain
494,Bhadrachalam,IN,17.6667,80.8833,102.69,26,1,4.63,clear sky
495,Kattivakkam,IN,13.2167,80.3167,89.6,62,40,5.75,scattered clouds
496,Port Macquarie,AU,-31.4333,152.9167,71.01,60,2,1.99,clear sky
497,Vestmannaeyjar,IS,63.4427,-20.2734,44.56,92,100,18.01,overcast clouds
498,Eureka,US,40.8021,-124.1637,50.0,86,100,8.97,light rain
499,Matay,EG,28.419,30.7792,80.94,15,0,4.41,clear sky
500,Pau,FR,43.4167,-0.5833,57.2,72,75,2.3,broken clouds
501,La Paz,BO,-16.5,-68.15,37.4,93,20,2.3,fog
502,Paamiut,GL,61.994,-49.6678,39.09,77,99,6.42,overcast clouds
503,Codrington,AU,-38.2667,141.9667,59.79,64,29,11.41,scattered clouds
504,Mwingi,KE,-0.9344,38.0601,73.56,72,86,3.0,light rain
505,Dwarka,IN,22.2394,68.9678,87.85,52,0,10.16,clear sky
506,Omboue,GA,-1.5746,9.2618,74.05,91,73,5.39,broken clouds
507,Klyuchevsk,RU,57.1216,60.9414,48.2,43,0,11.18,clear sky
508,Parabel,RU,58.6978,81.4825,43.68,83,96,5.7,overcast clouds
509,Selkirk,CA,50.1436,-96.8845,39.2,26,51,2.3,broken clouds
510,Filimonovo,RU,56.2011,95.4611,40.21,61,90,11.72,overcast clouds
511,Bunia,CD,1.5667,30.25,65.7,93,100,2.68,light rain
512,Nuuk,GL,64.1835,-51.7216,39.0,81,90,20.71,light rain
513,Miri,MY,4.4148,114.0089,84.2,79,40,2.3,light rain
514,Ruthin,GB,53.1137,-3.3178,37.99,90,30,7.0,scattered clouds
515,Parczew,PL,51.6402,22.9006,39.2,75,0,4.61,clear sky
516,Nelson Bay,AU,-32.7167,152.15,69.01,68,40,13.8,scattered clouds
517,Aksu,CN,41.1231,80.2644,65.66,19,68,4.07,broken clouds
518,Urumqi,CN,43.801,87.6005,48.2,18,0,6.71,clear sky
519,Sola,VU,-13.8833,167.55,79.95,79,100,12.24,light rain
520,Maniitsoq,GL,65.4167,-52.9,34.61,77,99,7.65,overcast clouds
521,Karakulino,RU,56.012,53.7067,43.25,79,100,14.38,light rain
522,Burdur,TR,37.7203,30.2908,57.2,72,75,11.5,light rain
523,Yeppoon,AU,-23.1333,150.7333,82.4,39,49,8.05,scattered clouds
524,Dalby,AU,-27.1833,151.2667,75.2,31,0,4.61,clear sky
525,Egvekinot,RU,66.3167,-179.1667,27.64,89,100,2.71,overcast clouds
526,Bay Roberts,CA,47.5999,-53.2648,35.01,93,21,1.99,few clouds
527,Labe,GN,11.3182,-12.2833,64.51,70,49,3.67,scattered clouds
528,Cururupu,BR,-1.8283,-44.8683,74.71,96,98,2.13,overcast clouds
529,Bardiyah,LY,31.7561,25.0865,63.43,76,14,25.75,few clouds
530,Peski,RU,55.2163,38.7626,37.99,75,75,13.42,broken clouds
531,Ampanihy,MG,-24.7,44.75,80.87,48,0,12.71,clear sky
532,Malatya,TR,38.5,38.0,57.2,54,75,4.61,broken clouds
533,Cadillac,US,44.2519,-85.4012,33.8,93,90,11.5,overcast clouds
534,Gornopravdinsk,RU,60.05,69.9,50.22,47,100,8.19,overcast clouds
535,Cierna Nad Tisou,SK,48.417,22.0887,46.4,57,99,8.95,overcast clouds
536,Sandpoint,US,48.2766,-116.5533,44.01,93,90,2.68,overcast clouds
537,La Ronge,CA,55.1001,-105.2842,23.0,68,91,2.3,overcast clouds
538,Roma,US,43.2128,-75.4557,52.0,57,1,5.75,clear sky
539,Coari,BR,-4.085,-63.1414,73.45,97,48,1.14,scattered clouds
540,Seguin,US,29.5688,-97.9647,64.0,77,1,3.44,clear sky
541,Prainha,BR,-1.8,-53.48,73.36,96,87,2.89,overcast clouds
542,Batemans Bay,AU,-35.7167,150.1833,66.0,60,42,1.01,scattered clouds
543,Olafsvik,IS,64.8945,-23.7142,41.68,95,100,8.88,overcast clouds
544,Kuna,US,43.4918,-116.4201,51.01,100,90,1.41,overcast clouds
545,Katobu,ID,-4.9408,122.5276,88.7,53,48,5.26,scattered clouds
546,Tomatlan,MX,19.9333,-105.25,69.53,86,100,2.53,overcast clouds
547,Tatawin,TN,32.9297,10.4518,55.11,84,2,5.53,clear sky
548,Mildura,AU,-34.2,142.15,69.01,42,75,9.22,broken clouds
549,Flinders,AU,-34.5833,150.8552,69.01,66,29,5.01,scattered clouds
550,Obukhiv,UA,50.11,30.6227,41.0,60,0,8.95,clear sky
551,Zhicheng,CN,30.2956,111.5047,63.0,78,100,10.94,overcast clouds
552,Micoud,LC,13.8167,-60.9,80.6,69,20,16.11,few clouds
553,Urengoy,RU,65.9667,78.3667,31.84,98,100,7.16,overcast clouds
554,Tyup,KG,42.7276,78.3648,52.18,46,47,3.15,scattered clouds
555,Kishpek,RU,43.655,43.6408,51.01,76,75,6.71,broken clouds
556,Ornskoldsvik,SE,63.2909,18.7153,30.2,74,90,13.8,overcast clouds
557,Ocampo,MX,21.65,-101.5,56.53,76,100,11.41,overcast clouds
558,Chapais,CA,49.7834,-74.8492,26.6,86,75,5.75,broken clouds
559,Pocao De Pedras,BR,-4.6667,-44.85,72.34,98,48,2.42,scattered clouds
560,Argentan,FR,48.75,-0.0167,42.8,81,0,5.75,clear sky
561,Puerto Maldonado,PE,-12.6,-69.1833,73.24,98,100,1.74,overcast clouds
562,Kyzyl,RU,51.7,94.45,46.44,25,100,15.41,overcast clouds
563,Mosquera,CO,4.7059,-74.2302,57.2,94,90,4.61,heavy intensity rain
564,Galveston,US,29.3669,-94.9669,73.99,64,1,11.5,clear sky
565,Ojinaga,MX,29.5667,-104.4167,69.8,16,1,5.75,clear sky
566,Zvishavane,ZW,-20.3267,30.0665,68.45,41,5,3.69,clear sky
567,Ellensburg,US,46.9965,-120.5479,45.0,74,100,4.0,overcast clouds
568,Coatzacoalcos,MX,18.15,-94.4167,80.74,67,89,9.19,overcast clouds
569,Northam,GB,51.0333,-4.2167,42.01,79,0,1.99,clear sky
570,Muravlenko,RU,63.7898,74.523,33.62,100,100,7.92,overcast clouds
571,Pyapon,MM,16.2833,95.6833,97.29,34,100,8.21,overcast clouds
572,Chingola,ZM,-12.529,27.8838,64.76,74,75,6.4,broken clouds
573,Medicine Hat,CA,50.0501,-110.6683,39.2,48,1,2.3,clear sky
574,Saint-Andre-Avellin,CA,45.7168,-75.066,46.0,81,43,2.55,scattered clouds
575,Casper,US,42.8666,-106.3131,46.99,65,1,8.05,clear sky
576,Byron Bay,AU,-28.65,153.6167,73.4,60,5,8.05,clear sky
577,Verkh-Usugli,RU,52.7,115.1667,56.75,17,100,11.86,overcast clouds
578,Lasem,ID,-6.6922,111.4527,86.5,63,10,8.03,clear sky
579,Sorland,NO,67.667,12.6934,36.7,57,90,16.6,overcast clouds
580,Port Shepstone,ZA,-30.7414,30.455,67.42,69,0,4.61,clear sky
581,Plaster Rock,CA,46.9065,-67.39,39.2,60,1,1.16,clear sky
582,Bouloupari,NC,-21.8667,166.05,77.0,83,75,3.44,broken clouds
583,Brownsville,US,25.9018,-97.4975,72.0,88,1,3.44,clear sky
584,Yerbogachen,RU,61.2767,108.0108,37.09,96,100,4.76,light rain
585,Riyadh,SA,24.6877,46.7219,87.8,8,0,8.05,clear sky
586,Bafq,IR,31.6128,55.4107,82.87,24,79,3.27,broken clouds
587,Skjervoy,NO,70.0311,20.9714,31.5,60,61,2.59,broken clouds
588,Zatoka,UA,46.0725,30.4654,48.2,93,75,8.3,broken clouds
589,Bhag,PK,29.0415,67.8239,96.08,13,0,6.55,clear sky
590,Yumen,CN,40.2833,97.2,51.49,23,33,36.42,scattered clouds
591,Penzance,GB,50.1186,-5.5371,46.4,76,52,24.79,broken clouds
592,Rajka,HU,47.9964,17.1982,45.0,70,0,2.3,clear sky
593,Samarinda,ID,-0.5,117.15,86.76,70,100,2.86,light rain
594,Lena,ES,43.1,-5.7333,57.99,87,100,6.44,overcast clouds
595,Hutchinson,US,38.0608,-97.9298,54.0,61,1,6.91,clear sky
596,Husavik,IS,66.0449,-17.3389,44.6,70,0,16.11,clear sky
597,Luena,AO,-11.7833,19.9167,63.75,75,71,3.2,broken clouds
598,Honiara,SB,-9.4333,159.95,81.64,83,73,3.56,broken clouds
599,Barsovo,RU,61.1667,73.1667,50.0,57,0,8.95,clear sky
600,Bud,US,39.447,-86.1758,46.0,94,92,7.45,overcast clouds
601,Sterling,US,39.0062,-77.4286,50.0,93,90,3.44,light rain
602,Mayya,RU,61.7333,130.2811,39.2,60,40,4.47,light snow
603,Matagami,CA,49.7502,-77.6328,23.0,93,90,6.91,light snow
604,Eskil,TR,38.4017,33.4131,61.39,53,100,6.15,overcast clouds
605,Imbituba,BR,-28.24,-48.6703,69.8,88,0,4.61,moderate rain
606,Madras,IN,13.0878,80.2785,89.6,62,40,5.75,scattered clouds
607,Awjilah,LY,29.1081,21.2869,63.1,66,4,19.66,clear sky
608,Port-Gentil,GA,-0.7193,8.7815,78.8,94,75,3.44,broken clouds
609,Oranjemund,NA,-28.55,16.4333,62.33,75,99,4.65,overcast clouds
610,Cap-Chat,CA,49.1001,-66.6821,37.4,75,35,8.05,scattered clouds
611,Kahului,US,20.8947,-156.47,73.4,73,40,13.8,scattered clouds
612,Taraz,KZ,42.9,71.3667,75.2,20,5,6.71,clear sky
613,Tessalit,ML,20.1986,1.0114,81.14,12,0,10.16,clear sky
614,Brenham,US,30.1669,-96.3977,64.99,94,1,7.05,clear sky
615,Necochea,AR,-38.5473,-58.7368,59.0,80,55,4.0,broken clouds
616,Puerto Escondido,MX,15.85,-97.0667,80.37,81,99,1.54,overcast clouds
617,Zaysan,KZ,47.4667,84.8667,45.18,32,24,7.07,few clouds
618,Erdaojiang,CN,41.7764,126.0319,61.45,15,3,10.02,clear sky
619,Kalino,RU,58.2504,57.6085,38.37,96,100,10.2,overcast clouds
620,Kirakira,SB,-10.4544,161.9205,82.18,78,100,3.67,overcast clouds
621,Itarema,BR,-2.9248,-39.9167,76.53,89,97,7.87,overcast clouds
622,Tokmak,UA,47.2514,35.7058,48.31,41,10,3.62,clear sky
623,Marawi,PH,7.9986,124.2928,86.0,73,63,8.01,broken clouds
624,Mokhsogollokh,RU,61.4681,128.9203,37.26,89,100,7.47,overcast clouds
625,Dezhou,CN,37.4486,116.2925,69.62,27,99,11.7,overcast clouds
626,Zhaotong,CN,27.3167,103.7167,62.13,73,96,11.36,overcast clouds
627,Yatou,CN,37.15,122.3833,57.52,47,90,13.31,overcast clouds
628,Ust-Ilimsk,RU,58.0006,102.6619,36.28,82,100,8.08,overcast clouds
629,Yashkul,RU,46.1711,45.3435,51.01,55,100,5.99,moderate rain
630,Ozernovskiy,RU,51.5,156.5167,33.08,92,100,11.07,overcast clouds
631,Tobermory,CA,45.2501,-81.6665,42.8,93,100,6.91,light rain
632,Pacific Grove,US,36.6177,-121.9166,54.0,86,100,2.66,overcast clouds
633,North Las Vegas,US,36.1989,-115.1175,75.2,17,1,24.16,clear sky
634,Mikhaylovskoye,RU,51.8239,79.7172,52.92,24,76,7.23,broken clouds
635,El Copey,CO,10.1503,-73.9614,79.0,82,27,1.95,scattered clouds
636,Pokaran,IN,26.9167,71.9167,96.4,10,0,3.98,clear sky
637,Farmington,US,36.7281,-108.2187,60.8,20,1,6.91,clear sky
638,Edremit,TR,39.5961,27.0244,55.4,82,75,14.97,broken clouds
639,Aksha,RU,50.2814,113.2867,60.12,14,100,12.08,light rain
640,Xining,CN,36.6167,101.7667,52.93,39,100,3.51,overcast clouds
641,Bolshaya Martynovka,RU,47.271,41.6679,47.8,44,65,7.85,broken clouds
642,Corn Island,NI,12.1694,-83.0418,80.33,72,52,10.56,broken clouds
643,Zeya,RU,53.75,127.2667,52.66,35,51,8.68,broken clouds
644,Margate,GB,51.3813,1.3862,45.0,71,5,5.01,clear sky
645,Jalu,LY,29.0331,21.5482,62.89,67,5,19.42,clear sky
646,Tateyama,JP,34.9833,139.8667,71.6,64,75,17.27,broken clouds
647,Basco,PH,20.4487,121.9702,76.48,71,37,12.12,scattered clouds
648,Takoradi,GH,4.8845,-1.7554,72.7,89,100,14.34,moderate rain
649,Taian,CN,36.1853,117.12,71.01,41,100,3.0,light rain
650,Krasnogorskiy,RU,54.6025,61.231,51.55,56,58,9.31,broken clouds
651,Revelstoke,CA,50.9832,-118.2023,46.4,57,20,2.08,few clouds
652,Onega,RU,63.9061,38.1404,47.35,73,59,8.99,broken clouds
653,Domoni,KM,-12.2569,44.5319,82.42,74,95,7.61,overcast clouds
654,Mizdah,LY,31.4451,12.9801,53.85,74,0,5.57,clear sky
655,Choya,RU,52.0108,86.5467,44.2,62,97,5.53,overcast clouds
656,Agadir,MA,30.4202,-9.5982,55.4,94,20,5.75,few clouds
657,Shadrinsk,RU,56.0852,63.6335,53.73,41,96,10.6,overcast clouds
658,Nassjo,SE,57.6531,14.6968,32.0,69,8,10.36,clear sky
659,Mulatupo,PA,8.9492,-77.7652,77.59,87,60,6.6,broken clouds
660,Makat,KZ,47.6469,53.3463,63.61,50,78,7.85,broken clouds
661,Salta,AR,-24.7859,-65.4117,57.2,94,75,2.3,broken clouds
662,Manacapuru,BR,-3.2997,-60.6206,75.2,100,0,2.3,clear sky
663,Bonthe,SL,7.5264,-12.505,78.94,83,95,3.11,overcast clouds
664,Tutoia,BR,-2.7619,-42.2744,77.67,88,94,8.97,overcast clouds
665,Berdigestyakh,RU,62.0989,126.6992,34.39,95,100,5.68,overcast clouds
666,Los Llanos De Aridane,ES,28.6585,-17.9182,66.2,55,40,8.05,scattered clouds
667,Mayo,US,38.8876,-76.5119,52.0,93,90,6.91,moderate rain
668,Nushki,PK,29.5542,66.0215,86.61,14,0,8.39,clear sky
669,Tiarei,PF,-17.5333,-149.3333,77.0,83,75,4.61,light rain
670,Petropavlovsk-Kamchatskiy,RU,53.0452,158.6483,41.0,70,75,2.24,broken clouds
671,Rocha,UY,-34.4833,-54.3333,56.75,84,66,6.96,broken clouds
672,Phuket,TH,8.0,98.25,88.0,70,20,12.66,few clouds
673,Payakumbuh,ID,-0.2202,100.6308,82.02,76,45,1.5,scattered clouds
674,Viedma,AR,-40.8135,-62.9967,52.66,83,33,2.77,scattered clouds
675,Dakoro,NE,14.5106,6.765,81.03,35,88,9.78,overcast clouds
676,Groningen,NL,53.25,6.75,42.8,65,90,5.75,overcast clouds
677,Khonsa,IN,27.0167,95.5667,88.36,20,30,6.69,scattered clouds
678,Polis,CY,35.0367,32.4264,68.0,68,0,2.3,clear sky
679,Morrope,PE,-6.5417,-80.0111,63.0,87,92,3.0,overcast clouds
680,Champerico,GT,14.3,-91.9167,64.99,96,99,2.68,overcast clouds
681,Andenes,NO,69.3143,16.1194,33.8,80,90,6.73,overcast clouds
682,Genhe,CN,50.7833,121.5167,58.5,18,69,5.48,broken clouds
683,Dauphin,CA,51.1494,-100.0502,30.2,74,75,6.91,broken clouds
684,San Jose,US,37.3394,-121.895,57.99,67,90,5.75,overcast clouds
685,Guamal,CO,9.1433,-74.2238,74.95,96,58,3.62,broken clouds
686,Esqueda,MX,30.7167,-109.5833,59.27,20,27,4.9,scattered clouds
687,Manama,BH,26.2154,50.5832,87.8,35,0,4.61,clear sky
688,Kyra,RU,49.5776,111.9753,54.61,18,100,11.54,overcast clouds
689,Tautira,PF,-17.7333,-149.15,77.0,83,75,4.61,light rain
690,Ponta Delgada,PT,37.7333,-25.6667,59.0,72,40,17.27,scattered clouds
